{"triangles":
    [0,1,5
    ,0,2,5
    ,3,6,7
    ,3,4,7
    ,3,6,7
    ,8,9,10
    ,9,10,11
    ]
,"attributes":
    {"position":
        [[-0.58000002754852176, -0.8400000398978591],
         [0.58000002754852176, -0.8400000398978591], 
         [-0.58000002754852176, -0.40000001899898052], 
         [-0.32000001519918442, -0.40000001899898052], 
         [0.32000001519918442, -0.40000001899898052], 
         [0.58000002754852176, -0.40000001899898052],
         [-0.32000001519918442, 0.40000001899898052], 
         [0.32000001519918442, 0.40000001899898052], 
         [-0.58000002754852176, 0.40000001899898052],
         [0.58000002754852176, 0.40000001899898052], 
         [-0.58000002754852176, 0.8400000398978591], 
         [0.58000002754852176, 0.8400000398978591]]
    ,"color":
        [[1.0,0.373,0.02]
        ,[1.0,0.373,0.02]
        ,[1.0,0.373,0.02]
        ,[1.0,0.373,0.02]
        ,[1.0,0.373,0.02]
        ,[1.0,0.373,0.02]
        ,[1.0,0.373,0.02]
        ,[1.0,0.373,0.02]
        ,[1.0,0.373,0.02]
        ,[1.0,0.373,0.02]
        ,[1.0,0.373,0.02]
        ,[1.0,0.373,0.02]
        ]
    }
}